{"2": [[83, 6.6], [84, 6.1], [86, 5.6], [9, 4.6], [10, 4.6], [81, 4.6]], "3": [[1, 3.9000000000000004], [2, 3.3000000000000007], [5, 3.1000000000000014], [9, 3.1000000000000014], [81, 3.1000000000000014], [3, 2.700000000000001], [84, 2.6000000000000014], [86, 2.1000000000000014]], "4": [[83, 5.700000000000001], [2, 3.9000000000000004], [5, 3.700000000000001], [9, 3.700000000000001], [10, 3.700000000000001], [81, 3.700000000000001], [3, 3.3000000000000007]], "5": [[1, 5.0], [2, 5.0], [3, 5.0], [5, 5.0], [7, 5.0], [10, 5.0], [81, 5.0], [83, 5.0], [84, 5.0], [86, 5.0]], "6": [[1, 4.0], [2, 4.0], [3, 4.0], [5, 4.0], [7, 4.0], [9, 4.0], [10, 4.0], [83, 4.0], [84, 4.0], [86, 4.0]], "7": null}