{"2": [[83, 4.3], [84, 3.8], [86, 3.3], [9, 2.3], [10, 2.3], [81, 2.3]], "3": [[1, 2.4000000000000004], [2, 1.8000000000000007], [5, 1.6000000000000014], [9, 1.6000000000000014], [81, 1.6000000000000014], [3, 1.200000000000001], [84, 1.1000000000000014], [86, 0.6000000000000014]], "4": [[83, 3.450000000000001], [2, 1.6500000000000004], [5, 1.4500000000000013], [9, 1.4500000000000013], [10, 1.4500000000000013], [81, 1.4500000000000013], [3, 1.050000000000001]], "5": [[1, 2.5], [2, 2.5], [3, 2.5], [5, 2.5], [7, 2.5], [10, 2.5], [81, 2.5], [83, 2.5], [84, 2.5], [86, 2.5]], "6": [[1, 2.0], [2, 2.0], [3, 2.0], [5, 2.0], [7, 2.0], [9, 2.0], [10, 2.0], [83, 2.0], [84, 2.0], [86, 2.0]], "7": null}